model,round,b,c,delta,p_value
Llama-3.2-1B,1,7,7,0.0,1.0
Llama-3.2-1B,2,9,10,0.010000000000000009,1.0
Llama-3.2-1B,3,16,9,-0.07,0.2295229434967041
Llama-3.2-1B,4,12,12,0.0,1.0
Llama-3.2-1B,5,12,13,0.010000000000000009,1.0
