model,round,b,c,delta,p_value
Llama-3.2-1B,1,5,9,0.040000000000000036,0.4239501953125
Llama-3.2-1B,2,10,12,0.020000000000000018,0.8318119049072266
Llama-3.2-1B,3,9,15,0.06000000000000005,0.30745625495910645
Llama-3.2-1B,4,14,10,-0.03999999999999998,0.5412561893463135
Llama-3.2-1B,5,15,13,-0.019999999999999962,0.8505540192127228
