round,hallucination,is_correct,truth_margin
0,0.44,0.5,-0.020215710694901644
1,0.43,0.46,-0.016343662943691016
2,0.43,0.48,-0.007736580409109592
3,0.44,0.47,-0.015218389853835106
4,0.4,0.51,-0.003679873123764992
5,0.45,0.48,-0.011873066872358323
