model,round,b,c,delta,p_value
Falcon3-1B,1,6,9,0.030000000000000027,0.6072387695312499
Falcon3-1B,2,10,11,0.010000000000000009,1.0
Falcon3-1B,3,3,12,0.09000000000000002,0.03515625
Falcon3-1B,4,8,12,0.040000000000000036,0.5034446716308594
Falcon3-1B,5,8,11,0.030000000000000027,0.6476058959960938
