model,round,b,c,delta,p_value
Falcon3-1B,1,8,11,0.030000000000000027,0.6476058959960938
Falcon3-1B,2,14,16,0.020000000000000018,0.8555355519056321
Falcon3-1B,3,13,5,-0.08000000000000002,0.09625244140625
Falcon3-1B,4,11,11,0.0,1.0
Falcon3-1B,5,16,11,-0.04999999999999999,0.44206833839416504
