round,hallucination,is_correct,truth_margin
0,0.34,0.57,0.0005860461108386516
1,0.38,0.46,-0.0017813296429812907
2,0.38,0.46,0.006330588012933731
3,0.38,0.46,0.0013723023235797881
4,0.36,0.5,-0.0033781082183122636
5,0.35,0.49,0.006639275327324867
