round,hallucination,is_correct,truth_margin
0,0.4,0.55,-0.003727717958390713
1,0.36,0.56,0.010523008424788713
2,0.37,0.54,0.00913782462477684
3,0.41,0.52,0.0053836227860301735
4,0.39,0.53,0.005873546972870827
5,0.33,0.59,0.0048788411915302275
