model,round,b,c,delta,p_value
gpt-3.5-turbo,1,3,11,0.07999999999999996,0.057373046875
gpt-3.5-turbo,2,7,16,0.08999999999999997,0.0931396484375
gpt-3.5-turbo,3,5,10,0.04999999999999999,0.30175781249999994
gpt-3.5-turbo,4,7,11,0.03999999999999998,0.480682373046875
gpt-3.5-turbo,5,8,10,0.019999999999999962,0.8145294189453125
