model,round,b,c,delta,p_value
gpt-3.5-turbo,1,9,8,-0.010000000000000009,1.0
gpt-3.5-turbo,2,14,8,-0.06000000000000005,0.28627872467041016
gpt-3.5-turbo,3,8,9,0.010000000000000009,1.0
gpt-3.5-turbo,4,13,7,-0.06000000000000005,0.26317596435546875
gpt-3.5-turbo,5,9,10,0.010000000000000009,1.0
