round,hallucination,is_correct,truth_margin
0,0.41,0.46,-0.03486759923398495
1,0.35,0.42,-0.00788349863141775
2,0.33,0.41,-0.0070599734201096
3,0.36,0.43,-0.01688917398452759
4,0.36,0.4,-0.005394091848284006
5,0.36,0.39,-0.013637093733996153
