model,round,b,c,delta,p_value
Qwen-2.5-1.5B,1,12,5,-0.07,0.143463134765625
Qwen-2.5-1.5B,2,10,5,-0.04999999999999999,0.30175781249999994
Qwen-2.5-1.5B,3,8,4,-0.040000000000000036,0.3876953125
Qwen-2.5-1.5B,4,13,6,-0.07,0.1670684814453125
Qwen-2.5-1.5B,5,16,8,-0.08000000000000002,0.15158963203430176
