model,round,b,c,delta,p_value
Qwen-2.5-1.5B,1,3,10,0.07,0.09228515625
Qwen-2.5-1.5B,2,2,10,0.08000000000000002,0.03857421875
Qwen-2.5-1.5B,3,3,8,0.050000000000000044,0.2265625
Qwen-2.5-1.5B,4,6,11,0.050000000000000044,0.332305908203125
Qwen-2.5-1.5B,5,8,11,0.030000000000000027,0.6476058959960938
